{"iteration": 1, "ts": "2025-10-12T03:29:33.653655", "scores": {"Customer Job": 0.8069760000000001, "Human-in-the-Loop Workflow": 0.8069760000000001, "Process for Quality Validation": 0.8069760000000001, "Product Feature": 1.0, "Annotation Guideline Management": 0.8069760000000001}}
