{"iteration": 1, "ts": "2025-10-12T01:13:19.843109", "scores": {"prospect:alex": 0.5271, "company:acme": 0.45420000000000005, "industry:fintech": 0.3, "problem:integration": 0.686093442, "feature:api": 0.7291401630000003, "case:fintechco": 0.66561, "metric:roi": 0.6000000000000001}}
