{"iteration": 1, "ts": "2025-10-12T01:18:34.609436", "scores": {"prospect:alex": 0.5271, "company:acme": 0.45420000000000005, "industry:fintech": 0.3, "problem:integration": 0.6774840978000001, "feature:api": 0.694143178827, "case:fintechco": 0.659049, "metric:roi": 0.6000000000000001}}
