{
  "prospect:alex": 0.5271,
  "company:acme": 0.45420000000000005,
  "industry:fintech": 0.3,
  "problem:integration": 0.6774840978000001,
  "feature:api": 0.7046035320300001,
  "case:fintechco": 0.66561,
  "metric:roi": 0.6000000000000001
}