{
  "prospect:alex": 0.5,
  "company:acme": 0.4,
  "industry:fintech": 0.3,
  "problem:integration": 0.762,
  "feature:api": 0.8430000000000002,
  "case:fintechco": 0.681,
  "metric:roi": 0.6000000000000001
}