{
  "synthetic-data-bias-a38b102f": 0.6402255138149998,
  "human-in-the-loop-evaluation-1fb6b150": 0.6402255138149998,
  "ai-model-training-pipeline-b9b2ce8b": 0.9239999999999999,
  "bias-mitigation-techniques-d8f1baa9": 0.9089999999999999,
  "synthetic-data-applications-ccb08fb3": 0.9089999999999999,
  "model-evaluation-challenges-3988669a": 0.6446950153499998,
  "ai-model-bias-89c53426": 0.636202990215,
  "model-debugging-tools-4309c867": 0.64870839474,
  "gan-evaluation-metrics-2332e552": 0.9239999999999999,
  "synthetic-data-generation-91dd8833": 0.6574012155,
  "vae-data-compression-a1e82713": 0.656732154,
  "synthetic-data-quality-metrics-5d5a2e9e": 0.9089999999999999,
  "ai-model-training-8bf5a69d": 0.6583226497500001,
  "synthetic-data-bias-83e1213e": 0.945,
  "data-generation-evaluation-581cf5d5": 0.65384512564275,
  "Customer Job": 0.6578439822750001,
  "synthetic-data-benefits-69769d76": 0.638938717776,
  "fidelity-metrics-definition-3d37c477": 0.9097500000000001,
  "active-learning-strategies-a41fffb6": 0.63147480064275,
  "data-privacy-implications-e293896f": 0.6697284015,
  "Product Feature": 0.8637750000000001,
  "data-augmentation-techniques-f542a005": 0.8955,
  "data-augmentation-techniques-ddb4a3c5": 0.6576037828500001,
  "ai-model-training-7806df8e": 0.6509837703149999,
  "synthetic-data-generation-b10d1b81": 0.635648595555,
  "data-privacy-regulations-08c61965": 0.9089999999999999,
  "data-privacy-regulations-affc4d3b": 0.6312204721934999,
  "differential-privacy-a032ee43": 0.9089999999999999,
  "synthetic-data-generation-techniques-d9fd2ecb": 0.6586852032,
  "data-augmentation-techniques-18135189": 0.945,
  "ai-model-evaluation-metrics-d3367c40": 0.64345401789,
  "model-training-data-35c37672": 0.945,
  "synthetic-data-bias-8ffce812": 0.623193404565,
  "data-augmentation-techniques-18b0c581": 0.6576915874050001,
  "synthetic-data-bias-1cab7426": 0.6707682295650002,
  "synthetic-data-evaluation-metrics-203465ba": 0.9089999999999999,
  "gan-training-challenges-67231783": 0.6521983414335,
  "generative-adversarial-networks-01b5cacb": 0.96,
  "differential-privacy-methods-613fa10d": 0.6410666075399999,
  "gans-for-synthetic-data-3b3e889c": 0.6437512155,
  "representation-learning-70c4207f": 0.96,
  "hyperparameter-optimization-methods-7f96b47e": 0.8787750000000001,
  "vae-applications-74a04e08": 0.9097500000000001,
  "synthetic-data-advantages-a323213a": 0.6220781079509999,
  "model-evaluation-metrics-6b843e66": 0.6580453340475,
  "data-quality-metrics-f9c2342a": 0.6510589386,
  "data-annotation-quality-dd371b9b": 0.6347029902150001,
  "synthetic-data-quality-e689153f": 0.8787750000000001,
  "model-evaluation-metrics-6c6a9d2b": 0.8955,
  "model-parameter-optimization-bbf020eb": 0.6232424066085,
  "generative-adversarial-networks-0335e3a1": 0.8955,
  "synthetic-data-advantages-0a4cedaf": 0.8955,
  "synthetic-data-generation-methods-591d4628": 0.68009113395,
  "model-evaluation-techniques-1adfeca3": 0.9089999999999999,
  "data-privacy-regulations-7756e0a7": 0.6512070641084999,
  "synthetic-data-evaluation-e29413bb": 0.9089999999999999,
  "metrics-for-synthetic-data-459bf847": 0.6555408439499999,
  "diversity-metrics-significance-15df7a5b": 0.9089999999999999,
  "ai-model-evaluation-metrics-de443b2b": 0.6235608184995001,
  "dataset-bias-mitigation-a11b9b28": 0.635648595555,
  "rule-based-data-limitations-2d1c8067": 0.654683745555,
  "bias-detection-methods-a8156b02": 0.945
}