{
  "synthetic-data-quality-assurance-1ee85931": 0.8012549999999999,
  "synthetic-data-generation-17673feb": 1.0,
  "data-privacy-in-ai-6b18e990": 1.0,
  "precision-and-recall-24aa321f": 0.8715,
  "ai-model-evaluation-metrics-8d35e6ef": 1.0,
  "synthetic-data-use-cases-7977fc9a": 0.85695,
  "synthetic-data-generation-6f017997": 0.894,
  "data-acquisition-challenges-7c94b444": 0.894,
  "synthetic-data-use-cases-in-ai-61a1b09c": 0.8715,
  "ai-model-evaluation-metrics-cb246989": 0.8012549999999999,
  "synthetic-data-validation-metrics-049adbd4": 0.93,
  "f1-score-dba410b5": 0.93,
  "Product Feature": 1.0,
  "Customer Job": 0.8012549999999999,
  "synthetic-data-for-ai-training-d0734582": 1.0,
  "ai-model-training-challenges-3fd03b61": 0.8855
}