{"iteration": 2, "ts": "2025-10-12T03:35:27.634417", "scores": {"Process for Quality Validation": 0.7421505600000002, "Human-in-the-Loop Workflow": 0.7421505600000002, "Product Feature": 1.0, "Annotation Guideline Management": 0.7421505600000002, "Customer Job": 0.7421505600000002}}
