{"iteration": 0, "ts": "2025-10-12T03:34:24.854728", "scores": {"Process for Quality Validation": 0.8069760000000001, "Human-in-the-Loop Workflow": 0.8069760000000001, "Product Feature": 1.0, "Annotation Guideline Management": 0.8069760000000001, "Customer Job": 0.8069760000000001}}
