{"iteration": 1, "ts": "2025-10-12T03:34:55.208525", "scores": {"Process for Quality Validation": 0.7712784000000001, "Human-in-the-Loop Workflow": 0.7712784000000001, "Product Feature": 1.0, "Annotation Guideline Management": 0.7712784000000001, "Customer Job": 0.7712784000000001}}
