{"iteration": 2, "ts": "2025-10-12T03:25:12.567034", "scores": {"Process for Quality Validation": 0.8466400000000001, "Annotation Guideline Management": 0.8466400000000001, "Product Feature": 1.0, "Human-in-the-Loop Workflow": 0.8466400000000001, "Customer Job": 0.8466400000000001}}
