{"iteration": 2, "ts": "2025-10-12T03:41:00.442680", "scores": {"Human-in-the-Loop Workflow": 0.7151419536000001, "Process for Quality Validation": 0.7151419536000001, "Product Feature": 0.9239999999999999, "Customer Job": 0.7421505600000002, "Annotation Guideline Management": 0.7151419536000001}}
