{"iteration": 4, "ts": "2025-10-12T03:42:54.108703", "scores": {"Human-in-the-Loop Workflow": 0.6932649824160002, "Process for Quality Validation": 0.6932649824160002, "Product Feature": 0.8624399999999999, "Customer Job": 0.7421505600000002, "Annotation Guideline Management": 0.6932649824160002}}
