{"iteration": 0, "ts": "2025-10-12T03:39:34.848626", "scores": {"Human-in-the-Loop Workflow": 0.7421505600000002, "Process for Quality Validation": 0.7421505600000002, "Product Feature": 1.0, "Customer Job": 0.7421505600000002, "Annotation Guideline Management": 0.7421505600000002}}
