{"iteration": 3, "ts": "2025-10-12T03:41:46.518294", "scores": {"Human-in-the-Loop Workflow": 0.7036277582400001, "Process for Quality Validation": 0.7036277582400001, "Product Feature": 0.8916, "Customer Job": 0.7421505600000002, "Annotation Guideline Management": 0.7036277582400001}}
