{"iteration": 1, "ts": "2025-10-12T03:40:12.702127", "scores": {"Human-in-the-Loop Workflow": 0.7279355040000002, "Process for Quality Validation": 0.7279355040000002, "Product Feature": 0.96, "Customer Job": 0.7421505600000002, "Annotation Guideline Management": 0.7279355040000002}}
