{"iteration": 12, "ts": "2025-10-12T19:46:32.222906", "scores": {"synthetic-data-bias-a38b102f": 0.8047934999999999, "human-in-the-loop-evaluation-1fb6b150": 0.8047934999999999, "ai-model-training-pipeline-b9b2ce8b": 0.96, "bias-mitigation-techniques-d8f1baa9": 0.9089999999999999, "synthetic-data-applications-ccb08fb3": 0.96, "model-evaluation-challenges-3988669a": 0.8047934999999999, "ai-model-bias-89c53426": 0.6965469015000001, "model-debugging-tools-4309c867": 0.785826, "gan-evaluation-metrics-2332e552": 0.96, "synthetic-data-generation-91dd8833": 0.803355, "vae-data-compression-a1e82713": 0.82314, "synthetic-data-quality-metrics-5d5a2e9e": 0.9089999999999999, "ai-model-training-8bf5a69d": 0.77300775, "synthetic-data-bias-83e1213e": 0.945, "data-generation-evaluation-581cf5d5": 0.755684475, "Customer Job": 0.755684475, "synthetic-data-benefits-69769d76": 0.707323344, "fidelity-metrics-definition-3d37c477": 0.9097500000000001, "active-learning-strategies-a41fffb6": 0.763184475, "data-privacy-implications-e293896f": 0.7886535, "Product Feature": 0.9097500000000001, "data-augmentation-techniques-f542a005": 0.8955, "data-augmentation-techniques-ddb4a3c5": 0.77202165, "ai-model-training-7806df8e": 0.7716434999999999, "synthetic-data-generation-b10d1b81": 0.7869195, "data-privacy-regulations-08c61965": 0.9089999999999999, "data-privacy-regulations-affc4d3b": 0.6967359014999999, "differential-privacy-a032ee43": 0.9089999999999999, "synthetic-data-generation-techniques-d9fd2ecb": 0.7243027200000001, "data-augmentation-techniques-18135189": 1.0, "ai-model-evaluation-metrics-d3367c40": 0.8102609999999999, "model-training-data-35c37672": 1.0, "synthetic-data-bias-8ffce812": 0.77202165, "data-augmentation-techniques-18b0c581": 0.7759845, "synthetic-data-bias-1cab7426": 0.7502716500000001, "synthetic-data-evaluation-metrics-203465ba": 0.96, "gan-training-challenges-67231783": 0.7714141499999999, "generative-adversarial-networks-01b5cacb": 0.96, "differential-privacy-methods-613fa10d": 0.7102422599999999, "gans-for-synthetic-data-3b3e889c": 0.803355, "representation-learning-70c4207f": 0.96, "hyperparameter-optimization-methods-7f96b47e": 0.9097500000000001, "vae-applications-74a04e08": 0.9097500000000001, "synthetic-data-advantages-a323213a": 0.7981109999999999, "model-evaluation-metrics-6b843e66": 0.763184475, "data-quality-metrics-f9c2342a": 0.82314, "data-annotation-quality-dd371b9b": 0.6965469015000001, "synthetic-data-quality-e689153f": 0.9097500000000001, "model-evaluation-metrics-6c6a9d2b": 0.8955, "model-parameter-optimization-bbf020eb": 0.7502716500000001, "generative-adversarial-networks-0335e3a1": 0.8955, "synthetic-data-advantages-0a4cedaf": 0.8955, "synthetic-data-generation-methods-591d4628": 0.76747755, "model-evaluation-techniques-1adfeca3": 0.9089999999999999, "data-privacy-regulations-7756e0a7": 0.77202165, "synthetic-data-evaluation-e29413bb": 0.9089999999999999, "metrics-for-synthetic-data-459bf847": 0.75046755, "diversity-metrics-significance-15df7a5b": 0.9089999999999999, "ai-model-evaluation-metrics-de443b2b": 0.76747755, "dataset-bias-mitigation-a11b9b28": 0.7869195, "rule-based-data-limitations-2d1c8067": 0.824355, "bias-detection-methods-a8156b02": 1.0}}
