{"iteration": 2, "ts": "2025-10-12T19:10:33.997812", "scores": {"synthetic-data-use-cases-45438047": 0.8765999999999999, "privacy-preserving-techniques-41ab9f3f": 0.96, "ai-model-testing-8dac8ac4": 0.96, "synthetic-data-use-cases-609733c0": 0.945, "task-specific-evaluation-metrics-915538e9": 1.0, "synthetic-data-generation-a8a85f5d": 0.945, "ai-model-training-data-requirements-a8d16fb5": 1.0, "Customer Job": 0.96, "ai-model-development-lifecycle-2cbac872": 0.8644499999999999, "model-performance-metrics-4e90c01a": 0.945, "Product Feature": 0.96, "synthetic-data-applications-a02ee914": 0.8644499999999999, "data-labeling-automation-0d0c47f3": 0.9105, "ai-model-training-challenges-bbc8340d": 0.945, "ai-model-evaluation-metrics-7b7fe5f8": 1.0, "synthetic-data-generation-techniques-af94155e": 0.9089999999999999}}
